/*
-- Query: SELECT * FROM jennifer_db.user_info
LIMIT 0, 1000
*/
SET FOREIGN_KEY_CHECKS = 0;
TRUNCATE user_info;
TRUNCATE delivery_method;
TRUNCATE shipping_address;
TRUNCATE order_info;
TRUNCATE order_detail;
SET FOREIGN_KEY_CHECKS = 1;

INSERT INTO `user_info` (`ID`,`FULLNAME`,`EMAIL`,`PASSWORD`,`ROLE`) VALUES (1,'Manager Hien','thuhien@gmail.com','$2a$10$07cQY1uFkjcJ7uOVUW6w.OGUD8aYM3xLaU9KXscob1MA68enIy94e','MANAGER');
INSERT INTO `user_info` (`ID`,`FULLNAME`,`EMAIL`,`PASSWORD`,`ROLE`) VALUES (2,'Lily Nguyen','lily31392@gmail.com','$2a$10$RJ1VIcVglQiuo37IlJQ75ONZtt2A0b5kT1ESdYfbaLbTun2p7L66i','CUSTOMER');
INSERT INTO `user_info` (`ID`,`FULLNAME`,`EMAIL`,`PASSWORD`,`ROLE`) VALUES (3,'Ho Hoang Phuc','jamesho287@gmail.com','$2a$10$bXXGpbzUTXcjA4nCkbcoN.nJE6tE7GriX2o29rVzMyef11xjkjUxS','CUSTOMER');
INSERT INTO `user_info` (`ID`,`FULLNAME`,`EMAIL`,`PASSWORD`,`ROLE`) VALUES (4,'Manager Phuc','manager@jennifer.com','$2a$10$IpllokLKjOcohU1LFxiiJ.TZkBre5b0.SrnuywUGT6vkbHM9ZPHyu','MANAGER');
INSERT INTO `user_info` (`ID`,`FULLNAME`,`EMAIL`,`PASSWORD`,`ROLE`) VALUES (5,'Alex Max','alex@gmail.com','$2a$10$z2VZQhnNCLD4jXXzRZrTAuqLvs7WYG0bXUFRRar38lNH7eBxpeiXG','CUSTOMER');
INSERT INTO `user_info` (`ID`,`FULLNAME`,`EMAIL`,`PASSWORD`,`ROLE`) VALUES (6,'Larry Pages','larry@gmail.com','$2a$10$kGxC/O.BBfBe5xU0MkJeKOr2ASl3LJ/9vGC7BRINCNydNe1Rt0SJS','CUSTOMER');
INSERT INTO `user_info` (`ID`,`FULLNAME`,`EMAIL`,`PASSWORD`,`ROLE`) VALUES (7,'Tim Cook','tim@apple.com','$2a$10$wH5Nj/Q/Yn9WPiscFJ7q5ei1cHJhZ2hi6rhFID8hiQps/I6lmcDxW','CUSTOMER');
INSERT INTO `user_info` (`ID`,`FULLNAME`,`EMAIL`,`PASSWORD`,`ROLE`) VALUES (8,'Jennifer Lawrence','jennifer@apple.com','$2a$10$IUC6cISvTJQR3Wr3bO5KQOOmnWht1XoDr1hm87Qcz4oDVYrrRb7JC','CUSTOMER');
INSERT INTO `user_info` (`ID`,`FULLNAME`,`EMAIL`,`PASSWORD`,`ROLE`) VALUES (9,'Brad Pitt','brad@gamil.com','$2a$10$hDjf49UJyrpza.LF/8X6YuJn1G5GlqgSTFJ46rjadaj0Mqb4sjjOy','CUSTOMER');
INSERT INTO `user_info` (`ID`,`FULLNAME`,`EMAIL`,`PASSWORD`,`ROLE`) VALUES (10,'Jackie Chan','jackie@gmail.com','$2a$10$MJJrMM57Fb4y9I3LPO9Xa.jkehzsoMsKCDZ3sG.HllSSxfRBLZ18u','CUSTOMER');
INSERT INTO `user_info` (`ID`,`FULLNAME`,`EMAIL`,`PASSWORD`,`ROLE`) VALUES (11,'Harry Potter','harry@gmail.com','$2a$10$Jzh4ey0VXyN4P0Sbr539Wu4IcvADSY4VtqkqawPCiSt.mummwXjPS','CUSTOMER');




/*
-- Query: SELECT * FROM jennifer_db.delivery_method
LIMIT 0, 1000
*/
INSERT INTO `delivery_method` (`ID`,`NAME`,`COST`,`START_DATE`,`END_DATE`) VALUES (1,'Domestic Standard',3.99,'2017-02-01','2017-12-31');
INSERT INTO `delivery_method` (`ID`,`NAME`,`COST`,`START_DATE`,`END_DATE`) VALUES (2,'Domestic Expedited',6.99,'2017-02-01','2017-12-31');
INSERT INTO `delivery_method` (`ID`,`NAME`,`COST`,`START_DATE`,`END_DATE`) VALUES (3,'Domestic Two-Day',14.95,'2017-02-01','2017-12-31');
INSERT INTO `delivery_method` (`ID`,`NAME`,`COST`,`START_DATE`,`END_DATE`) VALUES (4,'Domestic One-Day',24.99,'2017-02-01','2017-12-31');
INSERT INTO `delivery_method` (`ID`,`NAME`,`COST`,`START_DATE`,`END_DATE`) VALUES (5,'International Standard',14.95,'2017-02-01','2017-12-31');
INSERT INTO `delivery_method` (`ID`,`NAME`,`COST`,`START_DATE`,`END_DATE`) VALUES (6,'International Expedited',46.95,'2017-02-01','2017-12-31');
/*
-- Query: SELECT * FROM jennifer_db.shipping_address
LIMIT 0, 1000

*/
INSERT INTO `shipping_address` (`ID`,`RECIPIENT`,`ADDRESS`,`CITY`,`POSTAL_CODE`,`STATUS`,`USER_ID`) VALUES (1,'Manager Hien','Olympiakatu 10 A11','Vaasa','65100','Available',1);
INSERT INTO `shipping_address` (`ID`,`RECIPIENT`,`ADDRESS`,`CITY`,`POSTAL_CODE`,`STATUS`,`USER_ID`) VALUES (2,'Lily Nguyen','Konepajakatu 12 P27','Vaasa','65100','Available',2);
INSERT INTO `shipping_address` (`ID`,`RECIPIENT`,`ADDRESS`,`CITY`,`POSTAL_CODE`,`STATUS`,`USER_ID`) VALUES (3,'Ho Hoang Phuc','Wolffintie 30','Vaasa','65200','Available',3);
INSERT INTO `shipping_address` (`ID`,`RECIPIENT`,`ADDRESS`,`CITY`,`POSTAL_CODE`,`STATUS`,`USER_ID`) VALUES (4,'Manager Phuc','Tekla 16','Vaasa','65500','Available',4);
INSERT INTO `shipping_address` (`ID`,`RECIPIENT`,`ADDRESS`,`CITY`,`POSTAL_CODE`,`STATUS`,`USER_ID`) VALUES (5,'Alex Max','Rastaankuja 20','Vaasa','65100','Available',5);
INSERT INTO `shipping_address` (`ID`,`RECIPIENT`,`ADDRESS`,`CITY`,`POSTAL_CODE`,`STATUS`,`USER_ID`) VALUES (6,'Larry Pages','Myllykatu 16 L32','Vaasa','65100','Available',6);
INSERT INTO `shipping_address` (`ID`,`RECIPIENT`,`ADDRESS`,`CITY`,`POSTAL_CODE`,`STATUS`,`USER_ID`) VALUES (7,'Tim Cook','New Yok 16','New York','644672','Available',7);
INSERT INTO `shipping_address` (`ID`,`RECIPIENT`,`ADDRESS`,`CITY`,`POSTAL_CODE`,`STATUS`,`USER_ID`) VALUES (8,'Jennifer Lawrence','California 452','California City','645435','Available',8);
INSERT INTO `shipping_address` (`ID`,`RECIPIENT`,`ADDRESS`,`CITY`,`POSTAL_CODE`,`STATUS`,`USER_ID`) VALUES (9,'Brad Pitt','Los Angeles LA543','Los Angeles ','987643','Available',9);
INSERT INTO `shipping_address` (`ID`,`RECIPIENT`,`ADDRESS`,`CITY`,`POSTAL_CODE`,`STATUS`,`USER_ID`) VALUES (10,'Jackie Chan','Shanghai 34 K89','Shanghai','651200','Available',10);
INSERT INTO `shipping_address` (`ID`,`RECIPIENT`,`ADDRESS`,`CITY`,`POSTAL_CODE`,`STATUS`,`USER_ID`) VALUES (11,'Harry Potter','London 16 L32','London','234467','Available',11);
INSERT INTO `shipping_address` (`ID`,`RECIPIENT`,`ADDRESS`,`CITY`,`POSTAL_CODE`,`STATUS`,`USER_ID`) VALUES (12,'Manager Hien','Olympiakatu 12 B48','Vaasa','65100','Available',1);

/*
-- Query: SELECT * FROM jennifer_db.order_info
LIMIT 0, 1000

*/
INSERT INTO `order_info` (`ID`,`ORDER_DATE`,`TOTAL_PRICE`,`USER_ID`,`SHIPPING_ADDRESS_ID`,`DELIVERY_ID`,`STATUS`) VALUES (1,'2017-02-27 00:00:00',82.98,2,2,1,'Done');
INSERT INTO `order_info` (`ID`,`ORDER_DATE`,`TOTAL_PRICE`,`USER_ID`,`SHIPPING_ADDRESS_ID`,`DELIVERY_ID`,`STATUS`) VALUES (2,'2017-03-01 00:00:00',42.00,3,3,2,'Pending');
INSERT INTO `order_info` (`ID`,`ORDER_DATE`,`TOTAL_PRICE`,`USER_ID`,`SHIPPING_ADDRESS_ID`,`DELIVERY_ID`,`STATUS`) VALUES (3,'2017-02-15 00:00:00',49.95,5,4,3,'Processed');
INSERT INTO `order_info` (`ID`,`ORDER_DATE`,`TOTAL_PRICE`,`USER_ID`,`SHIPPING_ADDRESS_ID`,`DELIVERY_ID`,`STATUS`) VALUES (4,'2017-03-02 00:00:00',49.98,6,5,5,'Processing');
INSERT INTO `order_info` (`ID`,`ORDER_DATE`,`TOTAL_PRICE`,`USER_ID`,`SHIPPING_ADDRESS_ID`,`DELIVERY_ID`,`STATUS`) VALUES (5,'2017-02-28 00:00:00',35.95,7,7,5,'Processed');
INSERT INTO `order_info` (`ID`,`ORDER_DATE`,`TOTAL_PRICE`,`USER_ID`,`SHIPPING_ADDRESS_ID`,`DELIVERY_ID`,`STATUS`) VALUES (6,'2017-03-02 00:00:00',52.50,8,8,3,'Pending');
INSERT INTO `order_info` (`ID`,`ORDER_DATE`,`TOTAL_PRICE`,`USER_ID`,`SHIPPING_ADDRESS_ID`,`DELIVERY_ID`,`STATUS`) VALUES (7,'2017-02-12 00:00:00',23.50,9,9,4,'Processed');
INSERT INTO `order_info` (`ID`,`ORDER_DATE`,`TOTAL_PRICE`,`USER_ID`,`SHIPPING_ADDRESS_ID`,`DELIVERY_ID`,`STATUS`) VALUES (8,'2017-02-24 00:00:00',35.60,10,10,6,'Done');
INSERT INTO `order_info` (`ID`,`ORDER_DATE`,`TOTAL_PRICE`,`USER_ID`,`SHIPPING_ADDRESS_ID`,`DELIVERY_ID`,`STATUS`) VALUES (9,'2017-02-19 00:00:00',45.60,11,11,6,'Done');
INSERT INTO `order_info` (`ID`,`ORDER_DATE`,`TOTAL_PRICE`,`USER_ID`,`SHIPPING_ADDRESS_ID`,`DELIVERY_ID`,`STATUS`) VALUES (10,'2017-02-15 00:00:00',53.50,2,2,1,'Processed');
INSERT INTO `order_info` (`ID`,`ORDER_DATE`,`TOTAL_PRICE`,`USER_ID`,`SHIPPING_ADDRESS_ID`,`DELIVERY_ID`,`STATUS`) VALUES (11,'2017-02-05 00:00:00',46.60,3,3,2,'Done');

/*
-- Query: SELECT * FROM jennifer_db.order_detail
LIMIT 0, 1000

-- Date: 2017-03-01 21:48
*/
INSERT INTO `order_detail` (`ORDER_ID`,`PRODUCT_ID`,`UNIT_PRICE`,`QUANTITY`,`APPLIED_DISCOUNT`) VALUES (1,23,49.99,1,20);
INSERT INTO `order_detail` (`ORDER_ID`,`PRODUCT_ID`,`UNIT_PRICE`,`QUANTITY`,`APPLIED_DISCOUNT`) VALUES (1,32,39.99,1,10);
INSERT INTO `order_detail` (`ORDER_ID`,`PRODUCT_ID`,`UNIT_PRICE`,`QUANTITY`,`APPLIED_DISCOUNT`) VALUES (2,14,14.99,2,30);
INSERT INTO `order_detail` (`ORDER_ID`,`PRODUCT_ID`,`UNIT_PRICE`,`QUANTITY`,`APPLIED_DISCOUNT`) VALUES (2,18,9.99,2,30);
INSERT INTO `order_detail` (`ORDER_ID`,`PRODUCT_ID`,`UNIT_PRICE`,`QUANTITY`,`APPLIED_DISCOUNT`) VALUES (3,39,24.99,1,0);
INSERT INTO `order_detail` (`ORDER_ID`,`PRODUCT_ID`,`UNIT_PRICE`,`QUANTITY`,`APPLIED_DISCOUNT`) VALUES (4,10,49.99,1,30);
INSERT INTO `order_detail` (`ORDER_ID`,`PRODUCT_ID`,`UNIT_PRICE`,`QUANTITY`,`APPLIED_DISCOUNT`) VALUES (5,7,69.99,1,30);
INSERT INTO `order_detail` (`ORDER_ID`,`PRODUCT_ID`,`UNIT_PRICE`,`QUANTITY`,`APPLIED_DISCOUNT`) VALUES (6,16,14.99,3,20);
INSERT INTO `order_detail` (`ORDER_ID`,`PRODUCT_ID`,`UNIT_PRICE`,`QUANTITY`,`APPLIED_DISCOUNT`) VALUES (7,20,6.99,2,10);
INSERT INTO `order_detail` (`ORDER_ID`,`PRODUCT_ID`,`UNIT_PRICE`,`QUANTITY`,`APPLIED_DISCOUNT`) VALUES (8,25,24.99,1,10);
INSERT INTO `order_detail` (`ORDER_ID`,`PRODUCT_ID`,`UNIT_PRICE`,`QUANTITY`,`APPLIED_DISCOUNT`) VALUES (9,30,29.99,2,20);
INSERT INTO `order_detail` (`ORDER_ID`,`PRODUCT_ID`,`UNIT_PRICE`,`QUANTITY`,`APPLIED_DISCOUNT`) VALUES (9,33,49.99,1,30);
INSERT INTO `order_detail` (`ORDER_ID`,`PRODUCT_ID`,`UNIT_PRICE`,`QUANTITY`,`APPLIED_DISCOUNT`) VALUES (10,31,39.99,2,30);
INSERT INTO `order_detail` (`ORDER_ID`,`PRODUCT_ID`,`UNIT_PRICE`,`QUANTITY`,`APPLIED_DISCOUNT`) VALUES (11,14,14.99,1,10);
INSERT INTO `order_detail` (`ORDER_ID`,`PRODUCT_ID`,`UNIT_PRICE`,`QUANTITY`,`APPLIED_DISCOUNT`) VALUES (11,33,49.99,1,30);



