/*
-- Query: SELECT * FROM jennifer_db.user_info
LIMIT 0, 1000
*/
SET FOREIGN_KEY_CHECKS = 0;
TRUNCATE user_info;
TRUNCATE delivery_method;
TRUNCATE shipping_address;
TRUNCATE order_info;
TRUNCATE order_detail;
SET FOREIGN_KEY_CHECKS = 1;

INSERT INTO `user_info` (`ID`,`FULLNAME`,`EMAIL`,`PASSWORD`,`ROLE`) VALUES (1,'Manager Hien','lily31392@gmail.com','$2a$10$sHTfDyNShMdjRJ2hn2/pKusTH4fYzPUk7hYO0F0uXWXwykwcpDS3q','MANAGER');
INSERT INTO `user_info` (`ID`,`FULLNAME`,`EMAIL`,`PASSWORD`,`ROLE`) VALUES (2,'Lily Nguyen','thuhien@gmail.com','$2a$10$OoaQ.USmHJkbeA3kdiIsxObmXxzA6MKyOs6V9mQuupyEcKA3MN9ci','CUSTOMER');
INSERT INTO `user_info` (`ID`,`FULLNAME`,`EMAIL`,`PASSWORD`,`ROLE`) VALUES (3,'Ho Hoang Phuc','jamesho287@gmail.com','$2a$10$HRrqfsMeigkhmnNyvygR/.SHv0CIJgJAZDdMoFyUml4937n0sW.bS','CUSTOMER');
INSERT INTO `user_info` (`ID`,`FULLNAME`,`EMAIL`,`PASSWORD`,`ROLE`) VALUES (4,'Manager Phuc','manager@jennifer.com','$2a$10$UR.J2bHbQhgeRlmoxkFVvOW4oQShROOG0iCJ5cdfwFsAVHKB5WbPu','MANAGER');
INSERT INTO `user_info` (`ID`,`FULLNAME`,`EMAIL`,`PASSWORD`,`ROLE`) VALUES (5,'Alex Max','alex@gmail.com','$2a$10$UR.J2bHbQhgeRlmoxkFVvOW4oQShROOG0iCJ5cdfwFsAVHKB5WbPu','CUSTOMER');
INSERT INTO `user_info` (`ID`,`FULLNAME`,`EMAIL`,`PASSWORD`,`ROLE`) VALUES (6,'Larry Pages','larry@gmail.com','$2a$10$UR.J2bHbQhgeRlmoxkFVvOW4oQShROOG0iCJ5cdfwFsAVHKB5WbPu','CUSTOMER');
INSERT INTO `user_info` (`ID`,`FULLNAME`,`EMAIL`,`PASSWORD`,`ROLE`) VALUES (7,'Tim Cook','tim@apple.com','$2a$10$UR.J2bHbQhgeRlmoxkFVvOW4oQShROOG0iCJ5cdfwFsAVHKB5WbPu','CUSTOMER');
INSERT INTO `user_info` (`ID`,`FULLNAME`,`EMAIL`,`PASSWORD`,`ROLE`) VALUES (8,'Jennifer Lawrence','jennifer@apple.com','$2a$10$UR.J2bHbQhgeRlmoxkFVvOW4oQShROOG0iCJ5cdfwFsAVHKB5WbPu','CUSTOMER');
INSERT INTO `user_info` (`ID`,`FULLNAME`,`EMAIL`,`PASSWORD`,`ROLE`) VALUES (9,'Brad Pitt','brad@gamil.com','$2a$10$UR.J2bHbQhgeRlmoxkFVvOW4oQShROOG0iCJ5cdfwFsAVHKB5WbPu','CUSTOMER');
INSERT INTO `user_info` (`ID`,`FULLNAME`,`EMAIL`,`PASSWORD`,`ROLE`) VALUES (10,'Jackie Chan','jackie@gmail.com','$2a$10$UR.J2bHbQhgeRlmoxkFVvOW4oQShROOG0iCJ5cdfwFsAVHKB5WbPu','CUSTOMER');
INSERT INTO `user_info` (`ID`,`FULLNAME`,`EMAIL`,`PASSWORD`,`ROLE`) VALUES (11,'Harry Potter','jack@gmail.com','$2a$10$UR.J2bHbQhgeRlmoxkFVvOW4oQShROOG0iCJ5cdfwFsAVHKB5WbPu','CUSTOMER');



/*
-- Query: SELECT * FROM jennifer_db.delivery_method
LIMIT 0, 1000
*/
INSERT INTO `delivery_method` (`ID`,`NAME`,`COST`,`START_DATE`,`END_DATE`) VALUES (1,'Domestic Standard',3.99,'2017-02-01','2017-12-31');
INSERT INTO `delivery_method` (`ID`,`NAME`,`COST`,`START_DATE`,`END_DATE`) VALUES (2,'Domestic Expedited',6.99,'2017-02-01','2017-12-31');
INSERT INTO `delivery_method` (`ID`,`NAME`,`COST`,`START_DATE`,`END_DATE`) VALUES (3,'Domestic Two-Day',14.95,'2017-02-01','2017-12-31');
INSERT INTO `delivery_method` (`ID`,`NAME`,`COST`,`START_DATE`,`END_DATE`) VALUES (4,'Domestic One-Day',24.99,'2017-02-01','2017-12-31');
INSERT INTO `delivery_method` (`ID`,`NAME`,`COST`,`START_DATE`,`END_DATE`) VALUES (5,'International Standard',14.95,'2017-02-01','2017-12-31');
INSERT INTO `delivery_method` (`ID`,`NAME`,`COST`,`START_DATE`,`END_DATE`) VALUES (6,'International Expedited',46.95,'2017-02-01','2017-12-31');
/*
-- Query: SELECT * FROM jennifer_db.shipping_address
LIMIT 0, 1000
*/
INSERT INTO `shipping_address` (`ID`,`RECIPIENT`,`ADDRESS`,`CITY`,`POSTAL_CODE`,`USER_ID`) VALUES (1,'Olympiakatu 10 A11','Olympiakatu 10 A11','Vaasa','65100',1);
INSERT INTO `shipping_address` (`ID`,`RECIPIENT`,`ADDRESS`,`CITY`,`POSTAL_CODE`,`USER_ID`) VALUES (2,'Konepajakatu 12 P27','Konepajakatu 12 P27','Vaasa','65100',2);
INSERT INTO `shipping_address` (`ID`,`RECIPIENT`,`ADDRESS`,`CITY`,`POSTAL_CODE`,`USER_ID`) VALUES (3,'Wolffintie 30','Wolffintie 30','Vaasa','65200',3);
INSERT INTO `shipping_address` (`ID`,`RECIPIENT`,`ADDRESS`,`CITY`,`POSTAL_CODE`,`USER_ID`) VALUES (4,'Tekla 16 A001','Tekla 16','Vaasa','65500',4);
INSERT INTO `shipping_address` (`ID`,`RECIPIENT`,`ADDRESS`,`CITY`,`POSTAL_CODE`,`USER_ID`) VALUES (5,'Rastaankuja 20','Rastaankuja 20','Vaasa','65100',5);
INSERT INTO `shipping_address` (`ID`,`RECIPIENT`,`ADDRESS`,`CITY`,`POSTAL_CODE`,`USER_ID`) VALUES (6,'Myllykatu 16 L32','Myllykatu 16 L32','Vaasa','65100',6);
INSERT INTO `shipping_address` (`ID`,`RECIPIENT`,`ADDRESS`,`CITY`,`POSTAL_CODE`,`USER_ID`) VALUES (7,'New Yok 16','New Yok 16','New York','644672',7);
INSERT INTO `shipping_address` (`ID`,`RECIPIENT`,`ADDRESS`,`CITY`,`POSTAL_CODE`,`USER_ID`) VALUES (8,'California 452','California 452','California City','645435',8);
INSERT INTO `shipping_address` (`ID`,`RECIPIENT`,`ADDRESS`,`CITY`,`POSTAL_CODE`,`USER_ID`) VALUES (9,'Los Angeles LA543','Los Angeles LA543','Los Angeles ','987643',9);
INSERT INTO `shipping_address` (`ID`,`RECIPIENT`,`ADDRESS`,`CITY`,`POSTAL_CODE`,`USER_ID`) VALUES (10,'Shanghai 34 K89','Shanghai 34 K89','Shanghai','651200',10);
INSERT INTO `shipping_address` (`ID`,`RECIPIENT`,`ADDRESS`,`CITY`,`POSTAL_CODE`,`USER_ID`) VALUES (11,'London 16 L32','London 16 L32','London','234467',11);

/*
-- Query: SELECT * FROM jennifer_db.order_info
LIMIT 0, 1000

-- Date: 2017-03-01 21:41
*/
INSERT INTO `order_info` (`ID`,`ORDER_DATE`,`TOTAL_PRICE`,`USER_ID`,`SHIPPING_ADDRESS_ID`,`DELIVERY_ID`,`STATUS`) VALUES (1,'2017-02-27 00:00:00',82.98,2,2,1,'Done');
INSERT INTO `order_info` (`ID`,`ORDER_DATE`,`TOTAL_PRICE`,`USER_ID`,`SHIPPING_ADDRESS_ID`,`DELIVERY_ID`,`STATUS`) VALUES (2,'2017-03-01 00:00:00',42.00,3,3,2,'Pending');
INSERT INTO `order_info` (`ID`,`ORDER_DATE`,`TOTAL_PRICE`,`USER_ID`,`SHIPPING_ADDRESS_ID`,`DELIVERY_ID`,`STATUS`) VALUES (3,'2017-02-15 00:00:00',49.95,5,4,3,'Processed');
INSERT INTO `order_info` (`ID`,`ORDER_DATE`,`TOTAL_PRICE`,`USER_ID`,`SHIPPING_ADDRESS_ID`,`DELIVERY_ID`,`STATUS`) VALUES (4,'2017-03-02 00:00:00',49.98,6,5,5,'Processing');
INSERT INTO `order_info` (`ID`,`ORDER_DATE`,`TOTAL_PRICE`,`USER_ID`,`SHIPPING_ADDRESS_ID`,`DELIVERY_ID`,`STATUS`) VALUES (5,'2017-02-28 00:00:00',35.95,7,7,5,'Processed');
INSERT INTO `order_info` (`ID`,`ORDER_DATE`,`TOTAL_PRICE`,`USER_ID`,`SHIPPING_ADDRESS_ID`,`DELIVERY_ID`,`STATUS`) VALUES (6,'2017-03-02 00:00:00',52.50,8,8,3,'Pending');
INSERT INTO `order_info` (`ID`,`ORDER_DATE`,`TOTAL_PRICE`,`USER_ID`,`SHIPPING_ADDRESS_ID`,`DELIVERY_ID`,`STATUS`) VALUES (7,'2017-02-12 00:00:00',23.50,9,9,4,'Processed');
INSERT INTO `order_info` (`ID`,`ORDER_DATE`,`TOTAL_PRICE`,`USER_ID`,`SHIPPING_ADDRESS_ID`,`DELIVERY_ID`,`STATUS`) VALUES (8,'2017-02-24 00:00:00',35.60,10,10,6,'Done');
INSERT INTO `order_info` (`ID`,`ORDER_DATE`,`TOTAL_PRICE`,`USER_ID`,`SHIPPING_ADDRESS_ID`,`DELIVERY_ID`,`STATUS`) VALUES (9,'2017-02-19 00:00:00',45.60,11,11,6,'Done');
INSERT INTO `order_info` (`ID`,`ORDER_DATE`,`TOTAL_PRICE`,`USER_ID`,`SHIPPING_ADDRESS_ID`,`DELIVERY_ID`,`STATUS`) VALUES (10,'2017-02-15 00:00:00',53.50,2,2,1,'Processed');
INSERT INTO `order_info` (`ID`,`ORDER_DATE`,`TOTAL_PRICE`,`USER_ID`,`SHIPPING_ADDRESS_ID`,`DELIVERY_ID`,`STATUS`) VALUES (11,'2017-02-05 00:00:00',46.60,3,3,2,'Done');

/*
-- Query: SELECT * FROM jennifer_db.order_detail
LIMIT 0, 1000

-- Date: 2017-03-01 21:48
*/
INSERT INTO `order_detail` (`ORDER_ID`,`PRODUCT_ID`,`UNIT_PRICE`,`QUANTITY`,`APPLIED_DISCOUNT`) VALUES (1,23,49.99,1,20);
INSERT INTO `order_detail` (`ORDER_ID`,`PRODUCT_ID`,`UNIT_PRICE`,`QUANTITY`,`APPLIED_DISCOUNT`) VALUES (1,32,39.99,1,10);
INSERT INTO `order_detail` (`ORDER_ID`,`PRODUCT_ID`,`UNIT_PRICE`,`QUANTITY`,`APPLIED_DISCOUNT`) VALUES (2,14,14.99,2,30);
INSERT INTO `order_detail` (`ORDER_ID`,`PRODUCT_ID`,`UNIT_PRICE`,`QUANTITY`,`APPLIED_DISCOUNT`) VALUES (2,18,9.99,2,30);
INSERT INTO `order_detail` (`ORDER_ID`,`PRODUCT_ID`,`UNIT_PRICE`,`QUANTITY`,`APPLIED_DISCOUNT`) VALUES (3,39,24.99,1,0);
INSERT INTO `order_detail` (`ORDER_ID`,`PRODUCT_ID`,`UNIT_PRICE`,`QUANTITY`,`APPLIED_DISCOUNT`) VALUES (4,10,49.99,1,30);
INSERT INTO `order_detail` (`ORDER_ID`,`PRODUCT_ID`,`UNIT_PRICE`,`QUANTITY`,`APPLIED_DISCOUNT`) VALUES (5,7,69.99,1,30);
INSERT INTO `order_detail` (`ORDER_ID`,`PRODUCT_ID`,`UNIT_PRICE`,`QUANTITY`,`APPLIED_DISCOUNT`) VALUES (6,16,14.99,3,20);
INSERT INTO `order_detail` (`ORDER_ID`,`PRODUCT_ID`,`UNIT_PRICE`,`QUANTITY`,`APPLIED_DISCOUNT`) VALUES (7,20,6.99,2,10);
INSERT INTO `order_detail` (`ORDER_ID`,`PRODUCT_ID`,`UNIT_PRICE`,`QUANTITY`,`APPLIED_DISCOUNT`) VALUES (8,25,24.99,1,10);
INSERT INTO `order_detail` (`ORDER_ID`,`PRODUCT_ID`,`UNIT_PRICE`,`QUANTITY`,`APPLIED_DISCOUNT`) VALUES (9,30,29.99,2,20);
INSERT INTO `order_detail` (`ORDER_ID`,`PRODUCT_ID`,`UNIT_PRICE`,`QUANTITY`,`APPLIED_DISCOUNT`) VALUES (9,33,49.99,1,30);
INSERT INTO `order_detail` (`ORDER_ID`,`PRODUCT_ID`,`UNIT_PRICE`,`QUANTITY`,`APPLIED_DISCOUNT`) VALUES (10,31,39.99,2,30);
INSERT INTO `order_detail` (`ORDER_ID`,`PRODUCT_ID`,`UNIT_PRICE`,`QUANTITY`,`APPLIED_DISCOUNT`) VALUES (11,14,14.99,1,10);
INSERT INTO `order_detail` (`ORDER_ID`,`PRODUCT_ID`,`UNIT_PRICE`,`QUANTITY`,`APPLIED_DISCOUNT`) VALUES (11,33,49.99,1,30);



